,Dataset_ID,Image_ID,ID,ID.1,Original_Name,Latitude,Longitude,Width,Height,Created,Shutter_Speed,Aperture,Brightness,Focal_Length,Camera_Model,Format,DIM,Y
0,15,"5,876","6,151","5,876",108MEDIA/YDXJ0859.JPG,0.0,0.0,4,3,11/16/2017,13:05,"(0, 0)","(0, 0)",None,"(266, 100)",YDXJ,2,0
1,15,"5,877","6,152","5,877",108MEDIA/YDXJ0860.JPG,0.0,0.0,4,3,11/16/2017,13:05,"(0, 0)","(0, 0)",None,"(266, 100)",YDXJ,2,0
2,15,"5,878","6,153","5,878",108MEDIA/YDXJ0853.JPG,0.0,0.0,4,3,11/16/2017,11:52,"(0, 0)","(0, 0)",None,"(266, 100)",YDXJ,2,0
3,15,"5,879","6,154","5,879",108MEDIA/YDXJ0861.JPG,0.0,0.0,4,3,11/16/2017,13:05,"(0, 0)","(0, 0)",None,"(266, 100)",YDXJ,2,0
4,15,"5,88","6,155","5,88",108MEDIA/YDXJ0854.JPG,0.0,0.0,4,3,11/16/2017,11:52,"(0, 0)","(0, 0)",None,"(266, 100)",YDXJ,2,0
5,15,"5,881","6,156","5,881",108MEDIA/YDXJ0862.JPG,0.0,0.0,4,3,11/16/2017,13:05,"(0, 0)","(0, 0)",None,"(266, 100)",YDXJ,2,0
6,15,"5,882","6,157","5,882",108MEDIA/YDXJ0863.JPG,0.0,0.0,4,3,11/16/2017,13:05,"(0, 0)","(0, 0)",None,"(266, 100)",YDXJ,2,0
7,15,"5,883","6,158","5,883",108MEDIA/YDXJ0864.JPG,0.0,0.0,4,3,11/16/2017,13:05,"(0, 0)","(0, 0)",None,"(266, 100)",YDXJ,2,0
8,15,"5,884","6,159","5,884",108MEDIA/YDXJ0865.JPG,0.0,0.0,4,3,11/16/2017,13:05,"(0, 0)","(0, 0)",None,"(266, 100)",YDXJ,2,0
9,15,"5,885","6,16","5,885",108MEDIA/YDXJ0866.JPG,0.0,0.0,4,3,11/16/2017,13:05,"(0, 0)","(0, 0)",None,"(266, 100)",YDXJ,2,0
10,15,"5,886","6,161","5,886",108MEDIA/YDXJ0867.JPG,0.0,0.0,4,3,11/16/2017,13:05,"(0, 0)","(0, 0)",None,"(266, 100)",YDXJ,2,0
11,15,"5,887","6,162","5,887",108MEDIA/YDXJ0868.JPG,0.0,0.0,4,3,11/16/2017,13:05,"(0, 0)","(0, 0)",None,"(266, 100)",YDXJ,2,0
12,15,"5,888","6,163","5,888",108MEDIA/YDXJ0869.JPG,0.0,0.0,4,3,11/16/2017,13:05,"(0, 0)","(0, 0)",None,"(266, 100)",YDXJ,2,0
13,15,"5,889","6,164","5,889",108MEDIA/YDXJ0870.JPG,0.0,0.0,4,3,11/16/2017,13:05,"(0, 0)","(0, 0)",None,"(266, 100)",YDXJ,2,0
14,15,"5,89","6,165","5,89",108MEDIA/YDXJ0871.JPG,0.0,0.0,4,3,11/16/2017,13:05,"(0, 0)","(0, 0)",None,"(266, 100)",YDXJ,2,0
15,15,"5,891","6,166","5,891",108MEDIA/YDXJ0872.JPG,0.0,0.0,4,3,11/16/2017,13:05,"(0, 0)","(0, 0)",None,"(266, 100)",YDXJ,2,0
16,15,"5,892","6,167","5,892",108MEDIA/YDXJ0873.JPG,0.0,0.0,4,3,11/16/2017,13:05,"(0, 0)","(0, 0)",None,"(266, 100)",YDXJ,2,0
17,15,"5,893","6,168","5,893",108MEDIA/YDXJ0874.JPG,0.0,0.0,4,3,11/16/2017,13:05,"(0, 0)","(0, 0)",None,"(266, 100)",YDXJ,2,0
18,15,"5,894","6,169","5,894",108MEDIA/YDXJ0875.JPG,0.0,0.0,4,3,11/16/2017,13:05,"(0, 0)","(0, 0)",None,"(266, 100)",YDXJ,2,0
19,15,"5,895","6,17","5,895",108MEDIA/YDXJ0876.JPG,0.0,0.0,4,3,11/16/2017,13:05,"(0, 0)","(0, 0)",None,"(266, 100)",YDXJ,2,0
20,15,"5,896","6,171","5,896",108MEDIA/YDXJ0877.JPG,0.0,0.0,4,3,11/16/2017,13:05,"(0, 0)","(0, 0)",None,"(266, 100)",YDXJ,2,0
21,15,"5,897","6,172","5,897",108MEDIA/YDXJ0878.JPG,0.0,0.0,4,3,11/16/2017,13:06,"(0, 0)","(0, 0)",None,"(266, 100)",YDXJ,2,0
22,15,"5,898","6,173","5,898",108MEDIA/YDXJ0879.JPG,0.0,0.0,4,3,11/16/2017,13:06,"(0, 0)","(0, 0)",None,"(266, 100)",YDXJ,2,0
23,15,"5,899","6,174","5,899",108MEDIA/YDXJ0880.JPG,0.0,0.0,4,3,11/16/2017,13:06,"(0, 0)","(0, 0)",None,"(266, 100)",YDXJ,2,0
24,15,"5,9","6,175","5,9",108MEDIA/YDXJ0881.JPG,0.0,0.0,4,3,11/16/2017,13:06,"(0, 0)","(0, 0)",None,"(266, 100)",YDXJ,2,0
25,15,"5,901","6,176","5,901",108MEDIA/YDXJ0856.JPG,0.0,0.0,4,3,11/16/2017,12:46,"(0, 0)","(0, 0)",None,"(266, 100)",YDXJ,2,0
26,15,"5,902","6,177","5,902",108MEDIA/YDXJ0882.JPG,0.0,0.0,4,3,11/16/2017,13:06,"(0, 0)","(0, 0)",None,"(266, 100)",YDXJ,2,0
27,15,"5,903","6,178","5,903",108MEDIA/YDXJ0857.JPG,0.0,0.0,4,3,11/16/2017,12:46,"(0, 0)","(0, 0)",None,"(266, 100)",YDXJ,2,0
28,15,"5,904","6,179","5,904",108MEDIA/YDXJ0883.JPG,0.0,0.0,4,3,11/16/2017,13:06,"(0, 0)","(0, 0)",None,"(266, 100)",YDXJ,2,0
29,15,"5,905","6,18","5,905",108MEDIA/YDXJ0884.JPG,0.0,0.0,4,3,11/16/2017,13:06,"(0, 0)","(0, 0)",None,"(266, 100)",YDXJ,2,0
30,15,"5,906","6,181","5,906",108MEDIA/YDXJ0885.JPG,0.0,0.0,4,3,11/16/2017,13:06,"(0, 0)","(0, 0)",None,"(266, 100)",YDXJ,2,0
31,15,"5,907","6,182","5,907",108MEDIA/YDXJ0886.JPG,0.0,0.0,4,3,11/16/2017,13:06,"(0, 0)","(0, 0)",None,"(266, 100)",YDXJ,2,0
32,15,"5,908","6,183","5,908",108MEDIA/YDXJ0887.JPG,0.0,0.0,4,3,11/16/2017,13:06,"(0, 0)","(0, 0)",None,"(266, 100)",YDXJ,2,0
33,15,"5,909","6,184","5,909",108MEDIA/YDXJ0888.JPG,0.0,0.0,4,3,11/16/2017,13:06,"(0, 0)","(0, 0)",None,"(266, 100)",YDXJ,2,0
34,15,"5,91","6,185","5,91",108MEDIA/YDXJ0889.JPG,0.0,0.0,4,3,11/16/2017,13:06,"(0, 0)","(0, 0)",None,"(266, 100)",YDXJ,2,0
35,15,"5,911","6,186","5,911",108MEDIA/YDXJ0890.JPG,0.0,0.0,4,3,11/16/2017,13:06,"(0, 0)","(0, 0)",None,"(266, 100)",YDXJ,2,0
36,15,"5,912","6,187","5,912",108MEDIA/YDXJ0891.JPG,0.0,0.0,4,3,11/16/2017,13:06,"(0, 0)","(0, 0)",None,"(266, 100)",YDXJ,2,0
37,15,"5,913","6,188","5,913",108MEDIA/YDXJ0892.JPG,0.0,0.0,4,3,11/16/2017,13:06,"(0, 0)","(0, 0)",None,"(266, 100)",YDXJ,2,0
38,15,"5,914","6,189","5,914",108MEDIA/YDXJ0893.JPG,0.0,0.0,4,3,11/16/2017,13:06,"(0, 0)","(0, 0)",None,"(266, 100)",YDXJ,2,0
39,15,"5,915","6,19","5,915",108MEDIA/YDXJ0894.JPG,0.0,0.0,4,3,11/16/2017,13:06,"(0, 0)","(0, 0)",None,"(266, 100)",YDXJ,2,0
40,15,"5,916","6,191","5,916",108MEDIA/YDXJ0895.JPG,0.0,0.0,4,3,11/16/2017,13:06,"(0, 0)","(0, 0)",None,"(266, 100)",YDXJ,2,0
41,15,"5,917","6,192","5,917",108MEDIA/YDXJ0896.JPG,0.0,0.0,4,3,11/16/2017,13:06,"(0, 0)","(0, 0)",None,"(266, 100)",YDXJ,2,0
42,15,"5,918","6,193","5,918",108MEDIA/YDXJ0897.JPG,0.0,0.0,4,3,11/16/2017,13:06,"(0, 0)","(0, 0)",None,"(266, 100)",YDXJ,2,0
43,15,"5,919","6,194","5,919",108MEDIA/YDXJ0898.JPG,0.0,0.0,4,3,11/16/2017,13:07,"(0, 0)","(0, 0)",None,"(266, 100)",YDXJ,2,0
44,15,"5,92","6,195","5,92",108MEDIA/YDXJ0899.JPG,0.0,0.0,4,3,11/16/2017,13:07,"(0, 0)","(0, 0)",None,"(266, 100)",YDXJ,2,0
45,15,"5,921","6,196","5,921",108MEDIA/YDXJ0900.JPG,0.0,0.0,4,3,11/16/2017,13:07,"(0, 0)","(0, 0)",None,"(266, 100)",YDXJ,2,0
46,15,"5,922","6,197","5,922",108MEDIA/YDXJ0901.JPG,0.0,0.0,4,3,11/16/2017,13:07,"(0, 0)","(0, 0)",None,"(266, 100)",YDXJ,2,0
47,15,"5,923","6,198","5,923",108MEDIA/YDXJ0902.JPG,0.0,0.0,4,3,11/16/2017,13:07,"(0, 0)","(0, 0)",None,"(266, 100)",YDXJ,2,0
48,15,"5,924","6,199","5,924",108MEDIA/YDXJ0903.JPG,0.0,0.0,4,3,11/16/2017,13:07,"(0, 0)","(0, 0)",None,"(266, 100)",YDXJ,2,0
49,15,"5,925","6,2","5,925",108MEDIA/YDXJ0904.JPG,0.0,0.0,4,3,11/16/2017,13:07,"(0, 0)","(0, 0)",None,"(266, 100)",YDXJ,2,0
50,15,"5,926","6,201","5,926",108MEDIA/YDXJ0905.JPG,0.0,0.0,4,3,11/16/2017,13:07,"(0, 0)","(0, 0)",None,"(266, 100)",YDXJ,2,0
51,15,"5,927","6,202","5,927",108MEDIA/YDXJ0906.JPG,0.0,0.0,4,3,11/16/2017,13:07,"(0, 0)","(0, 0)",None,"(266, 100)",YDXJ,2,0
52,15,"5,928","6,203","5,928",108MEDIA/YDXJ0907.JPG,0.0,0.0,4,3,11/16/2017,13:07,"(0, 0)","(0, 0)",None,"(266, 100)",YDXJ,2,0
53,15,"5,929","6,204","5,929",108MEDIA/YDXJ0908.JPG,0.0,0.0,4,3,11/16/2017,13:07,"(0, 0)","(0, 0)",None,"(266, 100)",YDXJ,2,0
54,15,"5,93","6,205","5,93",108MEDIA/YDXJ0909.JPG,0.0,0.0,4,3,11/16/2017,13:07,"(0, 0)","(0, 0)",None,"(266, 100)",YDXJ,2,0
55,15,"5,931","6,206","5,931",108MEDIA/YDXJ0910.JPG,0.0,0.0,4,3,11/16/2017,13:07,"(0, 0)","(0, 0)",None,"(266, 100)",YDXJ,2,0
56,15,"5,932","6,207","5,932",108MEDIA/YDXJ0911.JPG,0.0,0.0,4,3,11/16/2017,13:07,"(0, 0)","(0, 0)",None,"(266, 100)",YDXJ,2,0
57,15,"5,933","6,208","5,933",108MEDIA/YDXJ0912.JPG,0.0,0.0,4,3,11/16/2017,13:07,"(0, 0)","(0, 0)",None,"(266, 100)",YDXJ,2,0
58,15,"5,934","6,209","5,934",108MEDIA/YDXJ0913.JPG,0.0,0.0,4,3,11/16/2017,13:08,"(0, 0)","(0, 0)",None,"(266, 100)",YDXJ,2,0
59,15,"5,935","6,21","5,935",108MEDIA/YDXJ0914.JPG,0.0,0.0,4,3,11/16/2017,13:08,"(0, 0)","(0, 0)",None,"(266, 100)",YDXJ,2,0
60,15,"5,936","6,211","5,936",108MEDIA/YDXJ0915.JPG,0.0,0.0,4,3,11/16/2017,13:08,"(0, 0)","(0, 0)",None,"(266, 100)",YDXJ,2,0
61,15,"5,937","6,212","5,937",108MEDIA/YDXJ0916.JPG,0.0,0.0,4,3,11/16/2017,13:08,"(0, 0)","(0, 0)",None,"(266, 100)",YDXJ,2,0
62,15,"5,938","6,213","5,938",108MEDIA/YDXJ0917.JPG,0.0,0.0,4,3,11/16/2017,13:08,"(0, 0)","(0, 0)",None,"(266, 100)",YDXJ,2,0
63,15,"5,939","6,214","5,939",108MEDIA/YDXJ0918.JPG,0.0,0.0,4,3,11/16/2017,13:08,"(0, 0)","(0, 0)",None,"(266, 100)",YDXJ,2,0
64,15,"5,94","6,215","5,94",108MEDIA/YDXJ0919.JPG,0.0,0.0,4,3,11/16/2017,13:08,"(0, 0)","(0, 0)",None,"(266, 100)",YDXJ,2,0
65,15,"5,941","6,216","5,941",108MEDIA/YDXJ0920.JPG,0.0,0.0,4,3,11/16/2017,13:08,"(0, 0)","(0, 0)",None,"(266, 100)",YDXJ,2,0
66,15,"5,942","6,217","5,942",108MEDIA/YDXJ0921.JPG,0.0,0.0,4,3,11/16/2017,13:08,"(0, 0)","(0, 0)",None,"(266, 100)",YDXJ,2,0
67,15,"5,943","6,218","5,943",108MEDIA/YDXJ0922.JPG,0.0,0.0,4,3,11/16/2017,13:08,"(0, 0)","(0, 0)",None,"(266, 100)",YDXJ,2,0
68,15,"5,944","6,219","5,944",108MEDIA/YDXJ0923.JPG,0.0,0.0,4,3,11/16/2017,13:08,"(0, 0)","(0, 0)",None,"(266, 100)",YDXJ,2,0
69,15,"5,945","6,22","5,945",108MEDIA/YDXJ0924.JPG,0.0,0.0,4,3,11/16/2017,13:08,"(0, 0)","(0, 0)",None,"(266, 100)",YDXJ,2,0
70,15,"5,946","6,221","5,946",108MEDIA/YDXJ0925.JPG,0.0,0.0,4,3,11/16/2017,13:08,"(0, 0)","(0, 0)",None,"(266, 100)",YDXJ,2,0
71,15,"5,947","6,222","5,947",108MEDIA/YDXJ0926.JPG,0.0,0.0,4,3,11/16/2017,13:08,"(0, 0)","(0, 0)",None,"(266, 100)",YDXJ,2,0
72,15,"5,948","6,223","5,948",108MEDIA/YDXJ0927.JPG,0.0,0.0,4,3,11/16/2017,13:08,"(0, 0)","(0, 0)",None,"(266, 100)",YDXJ,2,0
73,15,"5,949","6,224","5,949",108MEDIA/YDXJ0928.JPG,0.0,0.0,4,3,11/16/2017,13:09,"(0, 0)","(0, 0)",None,"(266, 100)",YDXJ,2,0
74,15,"5,95","6,225","5,95",108MEDIA/YDXJ0929.JPG,0.0,0.0,4,3,11/16/2017,13:09,"(0, 0)","(0, 0)",None,"(266, 100)",YDXJ,2,0
75,15,"5,951","6,226","5,951",108MEDIA/YDXJ0930.JPG,0.0,0.0,4,3,11/16/2017,13:09,"(0, 0)","(0, 0)",None,"(266, 100)",YDXJ,2,0
76,15,"5,952","6,227","5,952",108MEDIA/YDXJ0931.JPG,0.0,0.0,4,3,11/16/2017,13:09,"(0, 0)","(0, 0)",None,"(266, 100)",YDXJ,2,0
77,15,"5,953","6,228","5,953",108MEDIA/YDXJ0932.JPG,0.0,0.0,4,3,11/16/2017,13:09,"(0, 0)","(0, 0)",None,"(266, 100)",YDXJ,2,0
78,15,"5,954","6,229","5,954",108MEDIA/YDXJ0933.JPG,0.0,0.0,4,3,11/16/2017,13:09,"(0, 0)","(0, 0)",None,"(266, 100)",YDXJ,2,0
79,15,"5,955","6,23","5,955",108MEDIA/YDXJ0934.JPG,0.0,0.0,4,3,11/16/2017,13:09,"(0, 0)","(0, 0)",None,"(266, 100)",YDXJ,2,0
80,15,"5,956","6,231","5,956",108MEDIA/YDXJ0935.JPG,0.0,0.0,4,3,11/16/2017,13:09,"(0, 0)","(0, 0)",None,"(266, 100)",YDXJ,2,0
81,15,"5,957","6,232","5,957",108MEDIA/YDXJ0936.JPG,0.0,0.0,4,3,11/16/2017,13:09,"(0, 0)","(0, 0)",None,"(266, 100)",YDXJ,2,0
82,15,"5,958","6,233","5,958",108MEDIA/YDXJ0937.JPG,0.0,0.0,4,3,11/16/2017,13:09,"(0, 0)","(0, 0)",None,"(266, 100)",YDXJ,2,0
83,15,"5,959","6,234","5,959",108MEDIA/YDXJ0938.JPG,0.0,0.0,4,3,11/16/2017,13:09,"(0, 0)","(0, 0)",None,"(266, 100)",YDXJ,2,0
84,15,"5,96","6,235","5,96",108MEDIA/YDXJ0939.JPG,0.0,0.0,4,3,11/16/2017,13:09,"(0, 0)","(0, 0)",None,"(266, 100)",YDXJ,2,0
85,15,"5,961","6,236","5,961",108MEDIA/YDXJ0940.JPG,0.0,0.0,4,3,11/16/2017,13:09,"(0, 0)","(0, 0)",None,"(266, 100)",YDXJ,2,0
86,15,"5,962","6,237","5,962",108MEDIA/YDXJ0941.JPG,0.0,0.0,4,3,11/16/2017,13:09,"(0, 0)","(0, 0)",None,"(266, 100)",YDXJ,2,0
87,15,"5,963","6,238","5,963",108MEDIA/YDXJ0942.JPG,0.0,0.0,4,3,11/16/2017,13:09,"(0, 0)","(0, 0)",None,"(266, 100)",YDXJ,2,0
88,15,"5,964","6,239","5,964",108MEDIA/YDXJ0943.JPG,0.0,0.0,4,3,11/16/2017,13:10,"(0, 0)","(0, 0)",None,"(266, 100)",YDXJ,2,0
89,15,"5,965","6,24","5,965",108MEDIA/YDXJ0944.JPG,0.0,0.0,4,3,11/16/2017,13:10,"(0, 0)","(0, 0)",None,"(266, 100)",YDXJ,2,0
90,15,"5,966","6,241","5,966",108MEDIA/YDXJ0945.JPG,0.0,0.0,4,3,11/16/2017,13:10,"(0, 0)","(0, 0)",None,"(266, 100)",YDXJ,2,0
91,15,"5,967","6,242","5,967",108MEDIA/YDXJ0946.JPG,0.0,0.0,4,3,11/16/2017,13:10,"(0, 0)","(0, 0)",None,"(266, 100)",YDXJ,2,0
92,15,"5,968","6,243","5,968",108MEDIA/YDXJ0947.JPG,0.0,0.0,4,3,11/16/2017,13:10,"(0, 0)","(0, 0)",None,"(266, 100)",YDXJ,2,0
93,15,"5,969","6,244","5,969",108MEDIA/YDXJ0948.JPG,0.0,0.0,4,3,11/16/2017,13:10,"(0, 0)","(0, 0)",None,"(266, 100)",YDXJ,2,0
94,15,"5,97","6,245","5,97",108MEDIA/YDXJ0949.JPG,0.0,0.0,4,3,11/16/2017,13:10,"(0, 0)","(0, 0)",None,"(266, 100)",YDXJ,2,0
95,15,"5,971","6,246","5,971",108MEDIA/YDXJ0950.JPG,0.0,0.0,4,3,11/16/2017,13:10,"(0, 0)","(0, 0)",None,"(266, 100)",YDXJ,2,0
96,15,"5,972","6,247","5,972",108MEDIA/YDXJ0951.JPG,0.0,0.0,4,3,11/16/2017,13:10,"(0, 0)","(0, 0)",None,"(266, 100)",YDXJ,2,0
97,15,"5,973","6,248","5,973",108MEDIA/YDXJ0952.JPG,0.0,0.0,4,3,11/16/2017,13:10,"(0, 0)","(0, 0)",None,"(266, 100)",YDXJ,2,0
98,15,"5,974","6,249","5,974",108MEDIA/YDXJ0953.JPG,0.0,0.0,4,3,11/16/2017,13:10,"(0, 0)","(0, 0)",None,"(266, 100)",YDXJ,2,0
99,15,"5,975","6,25","5,975",108MEDIA/YDXJ0954.JPG,0.0,0.0,4,3,11/16/2017,13:10,"(0, 0)","(0, 0)",None,"(266, 100)",YDXJ,2,0
100,15,"5,976","6,251","5,976",108MEDIA/YDXJ0955.JPG,0.0,0.0,4,3,11/16/2017,13:10,"(0, 0)","(0, 0)",None,"(266, 100)",YDXJ,2,0
101,15,"5,977","6,252","5,977",108MEDIA/YDXJ0956.JPG,0.0,0.0,4,3,11/16/2017,13:10,"(0, 0)","(0, 0)",None,"(266, 100)",YDXJ,2,0
102,15,"5,978","6,253","5,978",108MEDIA/YDXJ0957.JPG,0.0,0.0,4,3,11/16/2017,13:10,"(0, 0)","(0, 0)",None,"(266, 100)",YDXJ,2,0
103,15,"5,979","6,254","5,979",108MEDIA/YDXJ0958.JPG,0.0,0.0,4,3,11/16/2017,13:11,"(0, 0)","(0, 0)",None,"(266, 100)",YDXJ,2,0
104,15,"5,98","6,255","5,98",108MEDIA/YDXJ0959.JPG,0.0,0.0,4,3,11/16/2017,13:11,"(0, 0)","(0, 0)",None,"(266, 100)",YDXJ,2,0
105,15,"5,981","6,256","5,981",108MEDIA/YDXJ0960.JPG,0.0,0.0,4,3,11/16/2017,13:11,"(0, 0)","(0, 0)",None,"(266, 100)",YDXJ,2,0
106,15,"5,982","6,257","5,982",108MEDIA/YDXJ0961.JPG,0.0,0.0,4,3,11/16/2017,13:11,"(0, 0)","(0, 0)",None,"(266, 100)",YDXJ,2,0
107,15,"5,984","6,259","5,984",108MEDIA/YDXJ0962.JPG,0.0,0.0,4,3,11/16/2017,13:11,"(0, 0)","(0, 0)",None,"(266, 100)",YDXJ,2,0
108,15,"5,985","6,26","5,985",108MEDIA/YDXJ0963.JPG,0.0,0.0,4,3,11/16/2017,13:11,"(0, 0)","(0, 0)",None,"(266, 100)",YDXJ,2,0
109,15,"5,986","6,261","5,986",108MEDIA/YDXJ0964.JPG,0.0,0.0,4,3,11/16/2017,13:11,"(0, 0)","(0, 0)",None,"(266, 100)",YDXJ,2,0
110,15,"5,987","6,262","5,987",108MEDIA/YDXJ0965.JPG,0.0,0.0,4,3,11/16/2017,13:11,"(0, 0)","(0, 0)",None,"(266, 100)",YDXJ,2,0
111,15,"5,988","6,263","5,988",108MEDIA/YDXJ0966.JPG,0.0,0.0,4,3,11/16/2017,13:11,"(0, 0)","(0, 0)",None,"(266, 100)",YDXJ,2,0
112,15,"5,989","6,264","5,989",108MEDIA/YDXJ0967.JPG,0.0,0.0,4,3,11/16/2017,13:11,"(0, 0)","(0, 0)",None,"(266, 100)",YDXJ,2,0
113,15,"5,99","6,265","5,99",108MEDIA/YDXJ0968.JPG,0.0,0.0,4,3,11/16/2017,13:11,"(0, 0)","(0, 0)",None,"(266, 100)",YDXJ,2,0
114,15,"5,992","6,267","5,992",108MEDIA/YDXJ0969.JPG,0.0,0.0,4,3,11/16/2017,13:11,"(0, 0)","(0, 0)",None,"(266, 100)",YDXJ,2,0
115,15,"5,993","6,268","5,993",108MEDIA/YDXJ0970.JPG,0.0,0.0,4,3,11/16/2017,13:11,"(0, 0)","(0, 0)",None,"(266, 100)",YDXJ,2,0
116,15,"5,994","6,269","5,994",108MEDIA/YDXJ0971.JPG,0.0,0.0,4,3,11/16/2017,13:11,"(0, 0)","(0, 0)",None,"(266, 100)",YDXJ,2,0
117,15,"5,995","6,27","5,995",108MEDIA/YDXJ0972.JPG,0.0,0.0,4,3,11/16/2017,13:11,"(0, 0)","(0, 0)",None,"(266, 100)",YDXJ,2,0
118,15,"5,996","6,271","5,996",108MEDIA/YDXJ0973.JPG,0.0,0.0,4,3,11/16/2017,13:11,"(0, 0)","(0, 0)",None,"(266, 100)",YDXJ,2,0
119,15,"5,997","6,272","5,997",108MEDIA/YDXJ0974.JPG,0.0,0.0,4,3,11/16/2017,13:12,"(0, 0)","(0, 0)",None,"(266, 100)",YDXJ,2,0
120,15,"5,998","6,273","5,998",108MEDIA/YDXJ0975.JPG,0.0,0.0,4,3,11/16/2017,13:12,"(0, 0)","(0, 0)",None,"(266, 100)",YDXJ,2,0
121,15,"5,999","6,274","5,999",108MEDIA/YDXJ0976.JPG,0.0,0.0,4,3,11/16/2017,13:12,"(0, 0)","(0, 0)",None,"(266, 100)",YDXJ,2,0
122,15,6,"6,275",6,108MEDIA/YDXJ0977.JPG,0.0,0.0,4,3,11/16/2017,13:12,"(0, 0)","(0, 0)",None,"(266, 100)",YDXJ,2,0
123,15,"6,001","6,276","6,001",108MEDIA/YDXJ0978.JPG,0.0,0.0,4,3,11/16/2017,13:12,"(0, 0)","(0, 0)",None,"(266, 100)",YDXJ,2,0
124,15,"6,002","6,277","6,002",108MEDIA/YDXJ0979.JPG,0.0,0.0,4,3,11/16/2017,13:12,"(0, 0)","(0, 0)",None,"(266, 100)",YDXJ,2,0
125,15,"6,003","6,278","6,003",108MEDIA/YDXJ0980.JPG,0.0,0.0,4,3,11/16/2017,13:12,"(0, 0)","(0, 0)",None,"(266, 100)",YDXJ,2,0
126,15,"6,004","6,279","6,004",108MEDIA/YDXJ0981.JPG,0.0,0.0,4,3,11/16/2017,13:12,"(0, 0)","(0, 0)",None,"(266, 100)",YDXJ,2,0
127,15,"6,005","6,28","6,005",108MEDIA/YDXJ0982.JPG,0.0,0.0,4,3,11/16/2017,13:12,"(0, 0)","(0, 0)",None,"(266, 100)",YDXJ,2,0
128,15,"6,006","6,281","6,006",108MEDIA/YDXJ0983.JPG,0.0,0.0,4,3,11/16/2017,13:12,"(0, 0)","(0, 0)",None,"(266, 100)",YDXJ,2,0
129,15,"6,007","6,282","6,007",108MEDIA/YDXJ0984.JPG,0.0,0.0,4,3,11/16/2017,13:12,"(0, 0)","(0, 0)",None,"(266, 100)",YDXJ,2,0
130,15,"6,008","6,283","6,008",108MEDIA/YDXJ0985.JPG,0.0,0.0,4,3,11/16/2017,13:12,"(0, 0)","(0, 0)",None,"(266, 100)",YDXJ,2,0
131,15,"6,009","6,284","6,009",108MEDIA/YDXJ0986.JPG,0.0,0.0,4,3,11/16/2017,13:12,"(0, 0)","(0, 0)",None,"(266, 100)",YDXJ,2,0
132,15,"6,01","6,285","6,01",108MEDIA/YDXJ0987.JPG,0.0,0.0,4,3,11/16/2017,13:12,"(0, 0)","(0, 0)",None,"(266, 100)",YDXJ,2,0
133,15,"6,011","6,286","6,011",108MEDIA/YDXJ0988.JPG,0.0,0.0,4,3,11/16/2017,13:12,"(0, 0)","(0, 0)",None,"(266, 100)",YDXJ,2,0
134,15,"6,012","6,287","6,012",108MEDIA/YDXJ0989.JPG,0.0,0.0,4,3,11/16/2017,13:13,"(0, 0)","(0, 0)",None,"(266, 100)",YDXJ,2,0
135,15,"6,013","6,288","6,013",108MEDIA/YDXJ0990.JPG,0.0,0.0,4,3,11/16/2017,13:13,"(0, 0)","(0, 0)",None,"(266, 100)",YDXJ,2,0
136,15,"6,014","6,289","6,014",108MEDIA/YDXJ0991.JPG,0.0,0.0,4,3,11/16/2017,13:13,"(0, 0)","(0, 0)",None,"(266, 100)",YDXJ,2,0
137,15,"6,015","6,29","6,015",108MEDIA/YDXJ0992.JPG,0.0,0.0,4,3,11/16/2017,13:13,"(0, 0)","(0, 0)",None,"(266, 100)",YDXJ,2,0
138,15,"6,016","6,291","6,016",108MEDIA/YDXJ0993.JPG,0.0,0.0,4,3,11/16/2017,13:13,"(0, 0)","(0, 0)",None,"(266, 100)",YDXJ,2,0
139,15,"6,017","6,292","6,017",108MEDIA/YDXJ0994.JPG,0.0,0.0,4,3,11/16/2017,13:13,"(0, 0)","(0, 0)",None,"(266, 100)",YDXJ,2,0
140,15,"6,018","6,293","6,018",108MEDIA/YDXJ0995.JPG,0.0,0.0,4,3,11/16/2017,13:13,"(0, 0)","(0, 0)",None,"(266, 100)",YDXJ,2,0
141,15,"6,019","6,294","6,019",108MEDIA/YDXJ0996.JPG,0.0,0.0,4,3,11/16/2017,13:13,"(0, 0)","(0, 0)",None,"(266, 100)",YDXJ,2,0
142,15,"6,02","6,295","6,02",108MEDIA/YDXJ0997.JPG,0.0,0.0,4,3,11/16/2017,13:13,"(0, 0)","(0, 0)",None,"(266, 100)",YDXJ,2,0
143,15,"6,021","6,296","6,021",108MEDIA/YDXJ0998.JPG,0.0,0.0,4,3,11/16/2017,13:13,"(0, 0)","(0, 0)",None,"(266, 100)",YDXJ,2,0
144,15,"6,022","6,297","6,022",108MEDIA/YDXJ0999.JPG,0.0,0.0,4,3,11/16/2017,13:13,"(0, 0)","(0, 0)",None,"(266, 100)",YDXJ,2,0
145,15,"6,023","6,298","6,023",109MEDIA/YDXJ0001.JPG,0.0,0.0,4,3,11/16/2017,13:13,"(0, 0)","(0, 0)",None,"(266, 100)",YDXJ,2,0
146,15,"6,024","6,299","6,024",109MEDIA/YDXJ0002.JPG,0.0,0.0,4,3,11/16/2017,13:13,"(0, 0)","(0, 0)",None,"(266, 100)",YDXJ,2,0
147,15,"6,025","6,3","6,025",109MEDIA/YDXJ0003.JPG,0.0,0.0,4,3,11/16/2017,13:13,"(0, 0)","(0, 0)",None,"(266, 100)",YDXJ,2,0
148,15,"6,026","6,301","6,026",109MEDIA/YDXJ0004.JPG,0.0,0.0,4,3,11/16/2017,13:13,"(0, 0)","(0, 0)",None,"(266, 100)",YDXJ,2,0
149,15,"6,027","6,302","6,027",109MEDIA/YDXJ0005.JPG,0.0,0.0,4,3,11/16/2017,13:14,"(0, 0)","(0, 0)",None,"(266, 100)",YDXJ,2,0
150,15,"6,028","6,303","6,028",109MEDIA/YDXJ0006.JPG,0.0,0.0,4,3,11/16/2017,13:14,"(0, 0)","(0, 0)",None,"(266, 100)",YDXJ,2,0
151,15,"6,029","6,304","6,029",109MEDIA/YDXJ0007.JPG,0.0,0.0,4,3,11/16/2017,13:14,"(0, 0)","(0, 0)",None,"(266, 100)",YDXJ,2,0
152,15,"6,03","6,305","6,03",109MEDIA/YDXJ0008.JPG,0.0,0.0,4,3,11/16/2017,13:14,"(0, 0)","(0, 0)",None,"(266, 100)",YDXJ,2,0
153,15,"6,031","6,306","6,031",109MEDIA/YDXJ0009.JPG,0.0,0.0,4,3,11/16/2017,13:14,"(0, 0)","(0, 0)",None,"(266, 100)",YDXJ,2,0
154,15,"6,032","6,307","6,032",109MEDIA/YDXJ0010.JPG,0.0,0.0,4,3,11/16/2017,13:14,"(0, 0)","(0, 0)",None,"(266, 100)",YDXJ,2,0
155,15,"6,033","6,308","6,033",109MEDIA/YDXJ0011.JPG,0.0,0.0,4,3,11/16/2017,13:14,"(0, 0)","(0, 0)",None,"(266, 100)",YDXJ,2,0
156,15,"6,034","6,309","6,034",109MEDIA/YDXJ0012.JPG,0.0,0.0,4,3,11/16/2017,13:14,"(0, 0)","(0, 0)",None,"(266, 100)",YDXJ,2,0
157,15,"6,035","6,31","6,035",109MEDIA/YDXJ0013.JPG,0.0,0.0,4,3,11/16/2017,13:14,"(0, 0)","(0, 0)",None,"(266, 100)",YDXJ,2,0
158,15,"6,036","6,311","6,036",109MEDIA/YDXJ0014.JPG,0.0,0.0,4,3,11/16/2017,13:14,"(0, 0)","(0, 0)",None,"(266, 100)",YDXJ,2,0
159,15,"6,037","6,312","6,037",109MEDIA/YDXJ0015.JPG,0.0,0.0,4,3,11/16/2017,13:14,"(0, 0)","(0, 0)",None,"(266, 100)",YDXJ,2,0
160,15,"6,038","6,313","6,038",109MEDIA/YDXJ0016.JPG,0.0,0.0,4,3,11/16/2017,13:14,"(0, 0)","(0, 0)",None,"(266, 100)",YDXJ,2,0
161,15,"6,039","6,314","6,039",109MEDIA/YDXJ0017.JPG,0.0,0.0,4,3,11/16/2017,13:14,"(0, 0)","(0, 0)",None,"(266, 100)",YDXJ,2,0
162,15,"6,04","6,315","6,04",109MEDIA/YDXJ0018.JPG,0.0,0.0,4,3,11/16/2017,13:14,"(0, 0)","(0, 0)",None,"(266, 100)",YDXJ,2,0
163,15,"6,041","6,316","6,041",109MEDIA/YDXJ0019.JPG,0.0,0.0,4,3,11/16/2017,13:14,"(0, 0)","(0, 0)",None,"(266, 100)",YDXJ,2,0
164,15,"6,042","6,317","6,042",109MEDIA/YDXJ0020.JPG,0.0,0.0,4,3,11/16/2017,13:15,"(0, 0)","(0, 0)",None,"(266, 100)",YDXJ,2,0
165,15,"6,043","6,318","6,043",109MEDIA/YDXJ0021.JPG,0.0,0.0,4,3,11/16/2017,13:15,"(0, 0)","(0, 0)",None,"(266, 100)",YDXJ,2,0
166,15,"6,044","6,319","6,044",109MEDIA/YDXJ0022.JPG,0.0,0.0,4,3,11/16/2017,13:15,"(0, 0)","(0, 0)",None,"(266, 100)",YDXJ,2,0
167,15,"6,045","6,32","6,045",109MEDIA/YDXJ0023.JPG,0.0,0.0,4,3,11/16/2017,13:15,"(0, 0)","(0, 0)",None,"(266, 100)",YDXJ,2,0
168,15,"6,046","6,321","6,046",109MEDIA/YDXJ0024.JPG,0.0,0.0,4,3,11/16/2017,13:15,"(0, 0)","(0, 0)",None,"(266, 100)",YDXJ,2,0
169,15,"6,047","6,322","6,047",109MEDIA/YDXJ0025.JPG,0.0,0.0,4,3,11/16/2017,13:15,"(0, 0)","(0, 0)",None,"(266, 100)",YDXJ,2,0
170,15,"6,048","6,323","6,048",109MEDIA/YDXJ0026.JPG,0.0,0.0,4,3,11/16/2017,13:15,"(0, 0)","(0, 0)",None,"(266, 100)",YDXJ,2,0
171,15,"6,049","6,324","6,049",109MEDIA/YDXJ0027.JPG,0.0,0.0,4,3,11/16/2017,13:15,"(0, 0)","(0, 0)",None,"(266, 100)",YDXJ,2,0
172,15,"6,05","6,325","6,05",109MEDIA/YDXJ0028.JPG,0.0,0.0,4,3,11/16/2017,13:15,"(0, 0)","(0, 0)",None,"(266, 100)",YDXJ,2,0
173,15,"6,051","6,326","6,051",109MEDIA/YDXJ0029.JPG,0.0,0.0,4,3,11/16/2017,13:15,"(0, 0)","(0, 0)",None,"(266, 100)",YDXJ,2,0
174,15,"6,052","6,327","6,052",109MEDIA/YDXJ0030.JPG,0.0,0.0,4,3,11/16/2017,13:15,"(0, 0)","(0, 0)",None,"(266, 100)",YDXJ,2,0
175,15,"6,053","6,328","6,053",109MEDIA/YDXJ0031.JPG,0.0,0.0,4,3,11/16/2017,13:15,"(0, 0)","(0, 0)",None,"(266, 100)",YDXJ,2,0
176,15,"6,054","6,329","6,054",109MEDIA/YDXJ0032.JPG,0.0,0.0,4,3,11/16/2017,13:15,"(0, 0)","(0, 0)",None,"(266, 100)",YDXJ,2,0
177,15,"6,055","6,33","6,055",109MEDIA/YDXJ0033.JPG,0.0,0.0,4,3,11/16/2017,13:15,"(0, 0)","(0, 0)",None,"(266, 100)",YDXJ,2,0
178,15,"6,056","6,331","6,056",109MEDIA/YDXJ0034.JPG,0.0,0.0,4,3,11/16/2017,13:15,"(0, 0)","(0, 0)",None,"(266, 100)",YDXJ,2,0
179,15,"6,057","6,332","6,057",109MEDIA/YDXJ0035.JPG,0.0,0.0,4,3,11/16/2017,13:16,"(0, 0)","(0, 0)",None,"(266, 100)",YDXJ,2,0
180,15,"6,058","6,333","6,058",109MEDIA/YDXJ0036.JPG,0.0,0.0,4,3,11/16/2017,13:16,"(0, 0)","(0, 0)",None,"(266, 100)",YDXJ,2,0
181,15,"6,059","6,334","6,059",109MEDIA/YDXJ0037.JPG,0.0,0.0,4,3,11/16/2017,13:16,"(0, 0)","(0, 0)",None,"(266, 100)",YDXJ,2,0
182,15,"6,06","6,335","6,06",109MEDIA/YDXJ0038.JPG,0.0,0.0,4,3,11/16/2017,13:16,"(0, 0)","(0, 0)",None,"(266, 100)",YDXJ,2,0
183,15,"6,061","6,336","6,061",109MEDIA/YDXJ0039.JPG,0.0,0.0,4,3,11/16/2017,13:16,"(0, 0)","(0, 0)",None,"(266, 100)",YDXJ,2,0
184,15,"6,062","6,337","6,062",109MEDIA/YDXJ0040.JPG,0.0,0.0,4,3,11/16/2017,13:16,"(0, 0)","(0, 0)",None,"(266, 100)",YDXJ,2,0
185,15,"6,063","6,338","6,063",109MEDIA/YDXJ0041.JPG,0.0,0.0,4,3,11/16/2017,13:16,"(0, 0)","(0, 0)",None,"(266, 100)",YDXJ,2,0
186,15,"6,064","6,339","6,064",109MEDIA/YDXJ0042.JPG,0.0,0.0,4,3,11/16/2017,13:16,"(0, 0)","(0, 0)",None,"(266, 100)",YDXJ,2,0
187,15,"6,065","6,34","6,065",109MEDIA/YDXJ0043.JPG,0.0,0.0,4,3,11/16/2017,13:16,"(0, 0)","(0, 0)",None,"(266, 100)",YDXJ,2,0
188,15,"6,066","6,341","6,066",109MEDIA/YDXJ0044.JPG,0.0,0.0,4,3,11/16/2017,13:16,"(0, 0)","(0, 0)",None,"(266, 100)",YDXJ,2,0
189,15,"6,067","6,342","6,067",109MEDIA/YDXJ0045.JPG,0.0,0.0,4,3,11/16/2017,13:16,"(0, 0)","(0, 0)",None,"(266, 100)",YDXJ,2,0
190,15,"6,068","6,343","6,068",109MEDIA/YDXJ0046.JPG,0.0,0.0,4,3,11/16/2017,13:16,"(0, 0)","(0, 0)",None,"(266, 100)",YDXJ,2,0
191,15,"6,069","6,344","6,069",109MEDIA/YDXJ0047.JPG,0.0,0.0,4,3,11/16/2017,13:16,"(0, 0)","(0, 0)",None,"(266, 100)",YDXJ,2,0
192,15,"6,07","6,345","6,07",109MEDIA/YDXJ0048.JPG,0.0,0.0,4,3,11/16/2017,13:16,"(0, 0)","(0, 0)",None,"(266, 100)",YDXJ,2,0
193,15,"6,071","6,346","6,071",109MEDIA/YDXJ0049.JPG,0.0,0.0,4,3,11/16/2017,13:16,"(0, 0)","(0, 0)",None,"(266, 100)",YDXJ,2,0
194,15,"6,072","6,347","6,072",109MEDIA/YDXJ0050.JPG,0.0,0.0,4,3,11/16/2017,13:17,"(0, 0)","(0, 0)",None,"(266, 100)",YDXJ,2,0
195,15,"6,073","6,348","6,073",109MEDIA/YDXJ0051.JPG,0.0,0.0,4,3,11/16/2017,13:17,"(0, 0)","(0, 0)",None,"(266, 100)",YDXJ,2,0
196,15,"6,074","6,349","6,074",109MEDIA/YDXJ0052.JPG,0.0,0.0,4,3,11/16/2017,13:17,"(0, 0)","(0, 0)",None,"(266, 100)",YDXJ,2,0
197,15,"6,075","6,35","6,075",109MEDIA/YDXJ0053.JPG,0.0,0.0,4,3,11/16/2017,13:17,"(0, 0)","(0, 0)",None,"(266, 100)",YDXJ,2,0
198,15,"6,076","6,351","6,076",109MEDIA/YDXJ0054.JPG,0.0,0.0,4,3,11/16/2017,13:17,"(0, 0)","(0, 0)",None,"(266, 100)",YDXJ,2,0
199,15,"6,077","6,352","6,077",109MEDIA/YDXJ0055.JPG,0.0,0.0,4,3,11/16/2017,13:17,"(0, 0)","(0, 0)",None,"(266, 100)",YDXJ,2,0
316,15,"6,194","6,469","6,194",109MEDIA/YDXJ0173.JPG,0.0,0.0,4,3,11/16/2017,13:32,"(0, 0)","(0, 0)",None,"(266, 100)",YDXJ,2,0
317,15,"6,195","6,47","6,195",109MEDIA/YDXJ0174.JPG,0.0,0.0,4,3,11/16/2017,13:32,"(0, 0)","(0, 0)",None,"(266, 100)",YDXJ,2,0
318,15,"6,196","6,471","6,196",109MEDIA/YDXJ0175.JPG,0.0,0.0,4,3,11/16/2017,13:32,"(0, 0)","(0, 0)",None,"(266, 100)",YDXJ,2,0
319,15,"6,197","6,472","6,197",109MEDIA/YDXJ0176.JPG,0.0,0.0,4,3,11/16/2017,13:32,"(0, 0)","(0, 0)",None,"(266, 100)",YDXJ,2,0
320,15,"6,198","6,473","6,198",109MEDIA/YDXJ0177.JPG,0.0,0.0,4,3,11/16/2017,13:32,"(0, 0)","(0, 0)",None,"(266, 100)",YDXJ,2,0
321,15,"6,199","6,474","6,199",109MEDIA/YDXJ0178.JPG,0.0,0.0,4,3,11/16/2017,13:32,"(0, 0)","(0, 0)",None,"(266, 100)",YDXJ,2,0
322,15,"6,2","6,475","6,2",109MEDIA/YDXJ0179.JPG,0.0,0.0,4,3,11/16/2017,13:33,"(0, 0)","(0, 0)",None,"(266, 100)",YDXJ,2,0
323,15,"6,201","6,476","6,201",109MEDIA/YDXJ0180.JPG,0.0,0.0,4,3,11/16/2017,13:33,"(0, 0)","(0, 0)",None,"(266, 100)",YDXJ,2,0
324,15,"6,202","6,477","6,202",109MEDIA/YDXJ0181.JPG,0.0,0.0,4,3,11/16/2017,13:33,"(0, 0)","(0, 0)",None,"(266, 100)",YDXJ,2,0
474,15,"6,352","6,627","6,352",109MEDIA/YDXJ0331.JPG,0.0,0.0,4,3,11/16/2017,13:43,"(0, 0)","(0, 0)",None,"(266, 100)",YDXJ,2,0
475,15,"6,353","6,628","6,353",109MEDIA/YDXJ0332.JPG,0.0,0.0,4,3,11/16/2017,13:43,"(0, 0)","(0, 0)",None,"(266, 100)",YDXJ,2,0
476,15,"6,354","6,629","6,354",109MEDIA/YDXJ0333.JPG,0.0,0.0,4,3,11/16/2017,13:43,"(0, 0)","(0, 0)",None,"(266, 100)",YDXJ,2,0
477,15,"6,355","6,63","6,355",109MEDIA/YDXJ0334.JPG,0.0,0.0,4,3,11/16/2017,13:43,"(0, 0)","(0, 0)",None,"(266, 100)",YDXJ,2,0
478,15,"6,356","6,631","6,356",109MEDIA/YDXJ0335.JPG,0.0,0.0,4,3,11/16/2017,13:43,"(0, 0)","(0, 0)",None,"(266, 100)",YDXJ,2,0
479,15,"6,357","6,632","6,357",109MEDIA/YDXJ0336.JPG,0.0,0.0,4,3,11/16/2017,13:43,"(0, 0)","(0, 0)",None,"(266, 100)",YDXJ,2,0
480,15,"6,358","6,633","6,358",109MEDIA/YDXJ0337.JPG,0.0,0.0,4,3,11/16/2017,13:43,"(0, 0)","(0, 0)",None,"(266, 100)",YDXJ,2,0
481,15,"6,359","6,634","6,359",109MEDIA/YDXJ0338.JPG,0.0,0.0,4,3,11/16/2017,13:43,"(0, 0)","(0, 0)",None,"(266, 100)",YDXJ,2,0
602,15,"6,48","6,755","6,48",109MEDIA/YDXJ0459.JPG,0.0,0.0,4,3,11/16/2017,13:52,"(0, 0)","(0, 0)",None,"(266, 100)",YDXJ,2,0
603,15,"6,481","6,756","6,481",109MEDIA/YDXJ0460.JPG,0.0,0.0,4,3,11/16/2017,13:52,"(0, 0)","(0, 0)",None,"(266, 100)",YDXJ,2,0
604,15,"6,482","6,757","6,482",109MEDIA/YDXJ0461.JPG,0.0,0.0,4,3,11/16/2017,13:52,"(0, 0)","(0, 0)",None,"(266, 100)",YDXJ,2,0
605,15,"6,483","6,758","6,483",109MEDIA/YDXJ0462.JPG,0.0,0.0,4,3,11/16/2017,13:52,"(0, 0)","(0, 0)",None,"(266, 100)",YDXJ,2,0
606,15,"6,484","6,759","6,484",109MEDIA/YDXJ0463.JPG,0.0,0.0,4,3,11/16/2017,13:52,"(0, 0)","(0, 0)",None,"(266, 100)",YDXJ,2,0
607,15,"6,485","6,76","6,485",109MEDIA/YDXJ0464.JPG,0.0,0.0,4,3,11/16/2017,13:52,"(0, 0)","(0, 0)",None,"(266, 100)",YDXJ,2,0
747,15,"6,625","6,9","6,625",109MEDIA/YDXJ0604.JPG,0.0,0.0,4,3,11/16/2017,14:01,"(0, 0)","(0, 0)",None,"(266, 100)",YDXJ,2,0
748,15,"6,626","6,901","6,626",109MEDIA/YDXJ0605.JPG,0.0,0.0,4,3,11/16/2017,14:01,"(0, 0)","(0, 0)",None,"(266, 100)",YDXJ,2,0
749,15,"6,627","6,902","6,627",109MEDIA/YDXJ0606.JPG,0.0,0.0,4,3,11/16/2017,14:02,"(0, 0)","(0, 0)",None,"(266, 100)",YDXJ,2,0
750,15,"6,628","6,903","6,628",109MEDIA/YDXJ0607.JPG,0.0,0.0,4,3,11/16/2017,14:02,"(0, 0)","(0, 0)",None,"(266, 100)",YDXJ,2,0
751,15,"6,629","6,904","6,629",109MEDIA/YDXJ0608.JPG,0.0,0.0,4,3,11/16/2017,14:02,"(0, 0)","(0, 0)",None,"(266, 100)",YDXJ,2,0
752,15,"6,63","6,905","6,63",109MEDIA/YDXJ0609.JPG,0.0,0.0,4,3,11/16/2017,14:02,"(0, 0)","(0, 0)",None,"(266, 100)",YDXJ,2,0
753,15,"6,631","6,906","6,631",109MEDIA/YDXJ0610.JPG,0.0,0.0,4,3,11/16/2017,14:02,"(0, 0)","(0, 0)",None,"(266, 100)",YDXJ,2,0
754,15,"6,632","6,907","6,632",109MEDIA/YDXJ0611.JPG,0.0,0.0,4,3,11/16/2017,14:02,"(0, 0)","(0, 0)",None,"(266, 100)",YDXJ,2,0
755,15,"6,633","6,908","6,633",109MEDIA/YDXJ0612.JPG,0.0,0.0,4,3,11/16/2017,14:02,"(0, 0)","(0, 0)",None,"(266, 100)",YDXJ,2,0
875,15,"6,753","7,028","6,753",109MEDIA/YDXJ0732.JPG,0.0,0.0,4,3,11/16/2017,14:10,"(0, 0)","(0, 0)",None,"(266, 100)",YDXJ,2,0
876,15,"6,754","7,029","6,754",109MEDIA/YDXJ0733.JPG,0.0,0.0,4,3,11/16/2017,14:10,"(0, 0)","(0, 0)",None,"(266, 100)",YDXJ,2,0
877,15,"6,755","7,03","6,755",109MEDIA/YDXJ0734.JPG,0.0,0.0,4,3,11/16/2017,14:10,"(0, 0)","(0, 0)",None,"(266, 100)",YDXJ,2,0
878,15,"6,756","7,031","6,756",109MEDIA/YDXJ0735.JPG,0.0,0.0,4,3,11/16/2017,14:10,"(0, 0)","(0, 0)",None,"(266, 100)",YDXJ,2,0
879,15,"6,757","7,032","6,757",109MEDIA/YDXJ0736.JPG,0.0,0.0,4,3,11/16/2017,14:10,"(0, 0)","(0, 0)",None,"(266, 100)",YDXJ,2,0
880,15,"6,758","7,033","6,758",109MEDIA/YDXJ0737.JPG,0.0,0.0,4,3,11/16/2017,14:10,"(0, 0)","(0, 0)",None,"(266, 100)",YDXJ,2,0
881,15,"6,759","7,034","6,759",109MEDIA/YDXJ0738.JPG,0.0,0.0,4,3,11/16/2017,14:10,"(0, 0)","(0, 0)",None,"(266, 100)",YDXJ,2,0
